example_id,text,label,month,example_category,group_id,is_synthetic
EX_001,I felt dizzy and drenched in sweat after a short walk outside.,1,7,positive_physiological,DEMO_G01,True
EX_002,My face is flushed and the heat is making me nauseous.,1,8,positive_physiological,DEMO_G02,True
EX_003,I am overheated and my head is pounding after waiting outdoors.,1,6,positive_physiological,DEMO_G03,True
EX_004,I moved into the shade and kept sipping water until I cooled down.,1,7,positive_coping,DEMO_G04,True
EX_005,The fan is on full power but I still cannot get comfortable.,1,8,positive_coping,DEMO_G05,True
EX_006,I changed my route so I could avoid the hottest part of the afternoon.,1,6,positive_coping,DEMO_G06,True
EX_007,The pavement feels like an oven whenever I step outside.,1,7,positive_ambient_personal,DEMO_G07,True
EX_008,The air around me is so hot and still that every errand feels exhausting.,1,8,positive_ambient_personal,DEMO_G08,True
EX_009,Even the evening breeze feels warm against my skin tonight.,1,9,positive_ambient_personal,DEMO_G01,True
EX_010,This relentless heat is making me irritable and unable to focus.,1,7,positive_psychological,DEMO_G02,True
EX_011,I feel trapped indoors and mentally worn down by the hot weather.,1,8,positive_psychological,DEMO_G03,True
EX_012,Another sleepless hot night has left me anxious and exhausted.,1,9,positive_psychological,DEMO_G04,True
EX_013,The debate became heated after the final question.,0,4,negative_metaphorical,DEMO_G05,True
EX_014,That new song is fire and everyone keeps replaying it.,0,5,negative_metaphorical,DEMO_G06,True
EX_015,Competition for the award is heating up quickly.,0,6,negative_metaphorical,DEMO_G07,True
EX_016,The committee published a revised heat-response policy.,0,3,negative_policy_discourse,DEMO_G08,True
EX_017,A public report reviewed national heat-adaptation funding.,0,5,negative_policy_discourse,DEMO_G01,True
EX_018,Officials discussed long-term standards for extreme-heat planning.,0,10,negative_policy_discourse,DEMO_G02,True
EX_019,Limited offer: save on portable fans while supplies last.,0,6,negative_spam_irrelevant,DEMO_G03,True
EX_020,Click here for a guaranteed hot deal on summer accessories.,0,7,negative_spam_irrelevant,DEMO_G04,True
EX_021,Automated update: your promotional subscription has been renewed.,0,11,negative_spam_irrelevant,DEMO_G05,True
EX_022,The spicy soup arrived steaming hot and tasted wonderful.,0,1,negative_food,DEMO_G06,True
EX_023,I added extra chilli because I wanted the dish hotter.,0,2,negative_food,DEMO_G07,True
EX_024,Fresh bread is best when it is still warm from the oven.,0,12,negative_food,DEMO_G08,True
EX_025,"A heat alert was issued, and I felt faint while walking home.",1,7,boundary_positive_alert_personal,DEMO_G01,True
EX_026,"The warning said to limit activity, which matched how weak I felt outside.",1,8,boundary_positive_alert_personal,DEMO_G02,True
EX_027,The agency opened a cooling centre for residents during the alert.,0,7,boundary_negative_institutional_response,DEMO_G03,True
EX_028,Emergency services announced extended hours because of the heat.,0,8,boundary_negative_institutional_response,DEMO_G04,True
EX_029,The changing climate worries me because I now struggle in hotter afternoons.,1,6,boundary_positive_climate_personal_exposure,DEMO_G05,True
EX_030,I can feel summers getting harder on my body each season.,1,7,boundary_positive_climate_personal_exposure,DEMO_G06,True
EX_031,My neighbour said the heat made them tired yesterday.,0,7,boundary_negative_third_party,DEMO_G07,True
EX_032,A relative complained that the warm night kept them awake.,0,8,boundary_negative_third_party,DEMO_G08,True
EX_033,"The room stayed hot, and I could not stop sweating at my desk.",1,5,positive_physiological,DEMO_G01,True
EX_034,I carried a cold cloth because the outdoor heat felt unbearable.,1,9,positive_coping,DEMO_G02,True
EX_035,Hot coffee and toasted sandwiches are today's cafe special.,0,2,negative_commercial_business,DEMO_G03,True
EX_036,A retailer announced its summer heating-system maintenance campaign.,0,10,negative_commercial_business,DEMO_G04,True
