city_id,continent,season,HPII,HPVI,is_synthetic
DEMO_UNIT_001,Africa,Spring,0.002377163630824121,0.3662672095663253,1
DEMO_UNIT_001,Africa,Summer,0.0033549344970667124,0.07578739219730682,1
DEMO_UNIT_001,Africa,Fall,0.003488046754132256,0.3292330867563341,1
DEMO_UNIT_001,Africa,Winter,0.004266895238752252,0.08868318041670743,1
DEMO_UNIT_002,Africa,Spring,0.0018809293460485084,0.39217069576246866,1
DEMO_UNIT_002,Africa,Summer,0.002101892084580273,0.35264941304291536,1
DEMO_UNIT_002,Africa,Fall,0.002565824007510526,0.12635071427821523,1
DEMO_UNIT_002,Africa,Winter,0.002929708489868704,0.06425055731958662,1
DEMO_UNIT_003,Africa,Spring,0.002721171605622573,0.32807334123244203,1
DEMO_UNIT_003,Africa,Summer,0.003209481156198495,0.40886524927006324,1
DEMO_UNIT_003,Africa,Fall,0.003929271445924983,0.3357857288880295,1
DEMO_UNIT_003,Africa,Winter,0.004504260909500559,0.217353981416273,1
DEMO_UNIT_004,Africa,Spring,0.0006816927652604598,0.29955860223213276,1
DEMO_UNIT_004,Africa,Summer,0.0011622836677771383,0.4076536983249998,1
DEMO_UNIT_004,Africa,Fall,0.0007663135064505228,0.1807746882932502,1
DEMO_UNIT_004,Africa,Winter,0.0011267658414417135,0.11199911645202856,1
DEMO_UNIT_005,Asia,Spring,0.0006653551991199773,0.12622555263933596,1
DEMO_UNIT_005,Asia,Summer,0.0011510170133427317,0.2061177291714857,1
DEMO_UNIT_005,Asia,Fall,0.0013170412707041394,0.3562587245301764,1
DEMO_UNIT_005,Asia,Winter,0.0014423546429217528,0.1872417840314663,1
DEMO_UNIT_006,Asia,Spring,0.001438538198279902,0.09310594377153772,1
DEMO_UNIT_006,Asia,Summer,0.0016844919549099525,0.0427976625053821,1
DEMO_UNIT_006,Asia,Fall,0.00189098992163888,0.2926433255049722,1
DEMO_UNIT_006,Asia,Winter,0.001826191677535059,0.3366770317883478,1
DEMO_UNIT_007,Asia,Spring,0.0016004753398156165,0.09312285928850983,1
DEMO_UNIT_007,Asia,Summer,0.002416095626340628,0.2939931254803792,1
DEMO_UNIT_007,Asia,Fall,0.0026996194896415095,0.25478972046285175,1
DEMO_UNIT_007,Asia,Winter,0.0028278432673555223,0.2811929616002245,1
DEMO_UNIT_008,Asia,Spring,0.0021279812857483197,0.15550103726379264,1
DEMO_UNIT_008,Asia,Summer,0.0023627815485427546,0.2059526079082977,1
DEMO_UNIT_008,Asia,Fall,0.0030509123324465666,0.19524088461536174,1
DEMO_UNIT_008,Asia,Winter,0.0030709704847302448,0.1288970046288295,1
DEMO_UNIT_009,Europe,Spring,0.0007380156062050124,0.15156562795133977,1
DEMO_UNIT_009,Europe,Summer,0.0009203618061215215,0.25167221788968575,1
DEMO_UNIT_009,Europe,Fall,0.0009576539514370193,0.29243914532440723,1
DEMO_UNIT_009,Europe,Winter,0.0010077579831913371,0.34932774617309315,1
DEMO_UNIT_010,Europe,Spring,0.0008615555728359403,0.07421818709474387,1
DEMO_UNIT_010,Europe,Summer,0.0009051858400146614,0.21551334749552722,1
DEMO_UNIT_010,Europe,Fall,0.0012606607280754396,0.23039701453927816,1
DEMO_UNIT_010,Europe,Winter,0.0016608779548806809,0.3046017425295397,1
DEMO_UNIT_011,Europe,Spring,0.0016738479726594788,0.15457459387619307,1
DEMO_UNIT_011,Europe,Summer,0.00205864906803139,0.17748879201028836,1
DEMO_UNIT_011,Europe,Fall,0.0021662178563793596,0.08484224280579583,1
DEMO_UNIT_011,Europe,Winter,0.0026372386259949877,0.3852606624688907,1
DEMO_UNIT_012,Europe,Spring,0.0023075708931573607,0.4082870233921351,1
DEMO_UNIT_012,Europe,Summer,0.0028481713756451322,0.3124182718804183,1
DEMO_UNIT_012,Europe,Fall,0.0032689213997476214,0.14345179350116044,1
DEMO_UNIT_012,Europe,Winter,0.003801861290659659,0.3829889106866598,1
DEMO_UNIT_013,North America,Spring,0.0013742474237089526,0.15626351717724796,1
DEMO_UNIT_013,North America,Summer,0.002154193718192048,0.10717365751690805,1
DEMO_UNIT_013,North America,Fall,0.002204370116226072,0.3282374213373798,1
DEMO_UNIT_013,North America,Winter,0.002774618234669172,0.20419535511453943,1
DEMO_UNIT_014,North America,Spring,0.002506635824974829,0.28694170859083157,1
DEMO_UNIT_014,North America,Summer,0.002473493558696168,0.19800681282483168,1
DEMO_UNIT_014,North America,Fall,0.0032141054045247896,0.2277165113129172,1
DEMO_UNIT_014,North America,Winter,0.0038290413274232474,0.09491919176909783,1
DEMO_UNIT_015,North America,Spring,0.0005235034613407702,0.10482532804401673,1
DEMO_UNIT_015,North America,Summer,0.000747223500170437,0.2608032330861501,1
DEMO_UNIT_015,North America,Fall,0.0008284840751864818,0.2645478867629384,1
DEMO_UNIT_015,North America,Winter,0.0012306593815241905,0.4042525010317492,1
DEMO_UNIT_016,North America,Spring,0.001854568117974728,0.07143739997052666,1
DEMO_UNIT_016,North America,Summer,0.002594381230232101,0.22646865785471795,1
DEMO_UNIT_016,North America,Fall,0.0026810866419579985,0.25725665990290864,1
DEMO_UNIT_016,North America,Winter,0.002574965202565592,0.14145075197491958,1
DEMO_UNIT_017,Oceania,Spring,0.0012987962207358051,0.20678635491591776,1
DEMO_UNIT_017,Oceania,Summer,0.001664629721862107,0.35399093119385594,1
DEMO_UNIT_017,Oceania,Fall,0.002035117839008095,0.09329465381947209,1
DEMO_UNIT_017,Oceania,Winter,0.0021074976013275054,0.08125878163146855,1
DEMO_UNIT_018,Oceania,Spring,0.002297736542904624,0.31625795342901536,1
DEMO_UNIT_018,Oceania,Summer,0.00285395889430323,0.08094155946324069,1
DEMO_UNIT_018,Oceania,Fall,0.0032474558072411877,0.1274813165400547,1
DEMO_UNIT_018,Oceania,Winter,0.003673702511442908,0.2508439383687637,1
DEMO_UNIT_019,Oceania,Spring,0.0013246312762609561,0.3471355593844347,1
DEMO_UNIT_019,Oceania,Summer,0.0016433276142122405,0.40210177012650306,1
DEMO_UNIT_019,Oceania,Fall,0.0022359076807746308,0.23572170910805154,1
DEMO_UNIT_019,Oceania,Winter,0.0024857694200501844,0.39569655661860603,1
DEMO_UNIT_020,Oceania,Spring,0.0008367365677549335,0.20533688280115442,1
DEMO_UNIT_020,Oceania,Summer,0.0008808857333193606,0.3788373611768673,1
DEMO_UNIT_020,Oceania,Fall,0.001661031483825567,0.3785011465338394,1
DEMO_UNIT_020,Oceania,Winter,0.0015302255516816984,0.23716617694685066,1
DEMO_UNIT_021,South America,Spring,0.0013832035212525285,0.2914312800037492,1
DEMO_UNIT_021,South America,Summer,0.0018619333427121801,0.0758973338633758,1
DEMO_UNIT_021,South America,Fall,0.002249175378819846,0.1397349960506886,1
DEMO_UNIT_021,South America,Winter,0.0019984789537969934,0.1315688185021602,1
DEMO_UNIT_022,South America,Spring,0.0011586347203159015,0.09824804031730774,1
DEMO_UNIT_022,South America,Summer,0.0009203919665678739,0.2677654607779205,1
DEMO_UNIT_022,South America,Fall,0.0009587481490222036,0.15792299570203602,1
DEMO_UNIT_022,South America,Winter,0.0014919504990045394,0.4092940419031676,1
DEMO_UNIT_023,South America,Spring,0.0018093274467654687,0.045295789329116584,1
DEMO_UNIT_023,South America,Summer,0.002537966004688948,0.090092442758878,1
DEMO_UNIT_023,South America,Fall,0.00279971099703741,0.08629635175884183,1
DEMO_UNIT_023,South America,Winter,0.0030756331639518486,0.30381972554429687,1
DEMO_UNIT_024,South America,Spring,0.0018850067036951042,0.3455673199492598,1
DEMO_UNIT_024,South America,Summer,0.002707461050395249,0.32081392148790583,1
DEMO_UNIT_024,South America,Fall,0.002994050205286123,0.08702644538713095,1
DEMO_UNIT_024,South America,Winter,0.003549270109100284,0.19107971365347745,1
